shop_id,item_id,pred_qty_next_month,item_name,item_category_id,unit_cost_inr,mrp_inr,shop_city,shop_state,shop_region,whatif_price_up_pct,whatif_qty_multiplier,whatif_pred_qty_next_month,whatif_new_price,whatif_revenue_next_month
38,1251,15.695454545454545,Lifebuoy Stationery 200g x5 (Economy),44,705.58,801.68,Chandigarh,Chandigarh,North,0.1,0.975,15.303068181818182,881.8480000000001,13494.980070000001
1,369,14.9,Lifebuoy Oral Care 100g x5 (Economy),29,39.14,47.03,Mumbai,Maharashtra,West,0.1,0.975,14.5275,51.733000000000004,751.5511575
20,9,14.89090909090909,Lifebuoy Home Furnishing 500g x2 (Economy),52,728.82,827.57,Hyderabad,Telangana,South,0.1,0.975,14.518636363636363,910.3270000000001,13216.706685000001
14,829,14.10909090909091,Dabur Ready-to-Eat 200g x1 (Premium),11,62.55,79.2,Tirupati,Andhra Pradesh,South,0.1,0.975,13.756363636363636,87.12,1198.4544
22,836,13.204545454545455,Lifebuoy Ready-to-Eat 500g x1 (Economy),11,65.55,81.26,Siliguri,West Bengal,East,0.1,0.975,12.874431818181819,89.38600000000001,1150.7939625000001
47,1472,13.190909090909091,Haldiram Health 50g x3 (Premium),36,219.87,245.27,Pune,Maharashtra,West,0.1,0.975,12.861136363636364,269.797,3469.8960075000005
40,1472,11.736363636363636,Haldiram Health 50g x3 (Premium),36,219.87,245.27,Mumbai,Maharashtra,West,0.1,0.975,11.442954545454546,269.797,3087.2748075000004
46,350,8.340909090909092,Red Bull Dairy 500ml x6 (Premium),2,255.08,283.85,Kolkata,West Bengal,East,0.1,0.975,8.132386363636364,312.23500000000007,2539.215656250001
21,1044,7.740909090909091,Dettol Dishwash 250ml x1 (Economy),40,99.05,115.47,Bengaluru,Karnataka,South,0.1,0.975,7.547386363636364,127.01700000000001,958.6463737500002
12,1025,7.5636363636363635,"Saffola Sauces, Ketchup 50ml x1 (Economy)",22,116.27,130.19,Faridabad,Haryana,North,0.1,0.975,7.374545454545454,143.209,1056.1012799999999
20,1119,6.9772727272727275,Paper Boat Party Supplies 2000g x1 (Regular),82,444.6,562.11,Hyderabad,Telangana,South,0.1,0.975,6.802840909090909,618.321,4206.33939375
30,343,6.031818181818182,MDH Ice Cream 100ml x2 (Regular),15,232.71,279.88,Ranchi,Jharkhand,East,0.1,0.975,5.881022727272727,307.868,1810.578705
14,593,5.931818181818182,Maggi Footwear 500ml x5 (Regular),59,704.63,818.29,Tirupati,Andhra Pradesh,South,0.1,0.975,5.783522727272727,900.119,5205.8586937499995
10,1287,5.85,ITC Packaged Foods 100g x1 (Regular),10,28.34,31.03,Raipur,Chhattisgarh,Central,0.1,0.975,5.703749999999999,34.133,194.68609874999999
33,6,5.786363636363636,Dabur Batteries 2000ml x5 (Regular),67,947.09,1194.51,Ludhiana,Punjab,North,0.1,0.975,5.641704545454545,1313.961,7412.97974625
39,1405,5.668181818181818,Harpic Water 250g x4 (Economy),27,235.82,275.79,Visakhapatnam,Andhra Pradesh,South,0.1,0.975,5.526477272727273,303.369,1676.56188375
7,74,5.663636363636364,Nestlé Category 91 500g x1 (Economy),91,2368.44,2846.26,Udaipur,Rajasthan,North,0.1,0.975,5.522045454545455,3130.8860000000004,17288.894805000004
50,965,5.568181818181818,Bikaji Pickles 500g x1 (Economy),23,226.88,288.13,Meerut,Uttar Pradesh,North,0.1,0.975,5.4289772727272725,316.94300000000004,1720.6763437500001
32,947,5.536363636363636,ITC Gifting Combos 2000ml x10 (Regular),63,323.51,381.28,Indore,Madhya Pradesh,Central,0.1,0.975,5.397954545454545,419.408,2263.94532
28,293,5.490909090909091,ITC Sports 750g x1 (Regular),57,373.16,419.35,Meerut,Uttar Pradesh,North,0.1,0.975,5.3536363636363635,461.2850000000001,2469.5521500000004
6,1084,5.368181818181818,Dettol Pet Care 2000g x1 (Premium),46,982.32,1081.85,Coimbatore,Tamil Nadu,South,0.1,0.975,5.233977272727272,1190.035,6228.6161437499995
18,1084,5.0,Dettol Pet Care 2000g x1 (Premium),46,982.32,1081.85,Panaji,Goa,West,0.1,0.975,4.875,1190.035,5801.420625000001
36,1097,4.995454545454545,Paper Boat Men's Grooming 2000ml x3 (Regular),33,560.07,626.01,Lucknow,Uttar Pradesh,North,0.1,0.975,4.870568181818181,688.611,3353.9268262499995
5,298,4.986363636363636,Everest Festive Packs 100g x10 (Regular),62,608.86,695.73,Mumbai,Maharashtra,West,0.1,0.975,4.861704545454545,765.3030000000001,3720.67707375
4,179,4.863636363636363,Kissan Pickles 250ml x1 (Regular),23,194.66,233.79,Amritsar,Punjab,North,0.1,0.975,4.742045454545454,257.16900000000004,1219.5070875
47,47,4.836363636363636,Aashirvaad Shaving 1000ml x1 (Economy),79,1656.88,2042.35,Pune,Maharashtra,West,0.1,0.975,4.715454545454545,2246.585,10593.66945
4,750,4.8090909090909095,Britannia Men's Grooming 200g x10 (Regular),33,408.56,487.91,Amritsar,Punjab,North,0.1,0.975,4.688863636363637,536.701,2516.5178025000005
24,213,4.8,Colgate Home Care 200ml x5 (Premium),38,300.98,379.57,Ludhiana,Punjab,North,0.1,0.975,4.68,417.52700000000004,1954.02636
13,342,4.7272727272727275,Colgate Spices 1000g x3 (Regular),7,488.68,611.79,Dehradun,Uttarakhand,North,0.1,0.975,4.609090909090909,672.969,3101.7753000000002
49,750,4.6909090909090905,Britannia Men's Grooming 200g x10 (Regular),33,408.56,487.91,Meerut,Uttar Pradesh,North,0.1,0.975,4.573636363636363,536.701,2454.67521
49,172,4.640909090909091,Kissan Hair Care 50ml x12 (Economy),30,346.12,378.57,Meerut,Uttar Pradesh,North,0.1,0.975,4.524886363636363,416.427,1884.28485375
20,1132,4.631818181818182,Appy Category 91 250ml x5 (Economy),91,2682.53,3047.53,Hyderabad,Telangana,South,0.1,0.975,4.516022727272727,3352.2830000000004,15138.986216250001
47,402,4.5590909090909095,Patanjali OTC Medicines 2000ml x1 (Economy),37,1022.59,1293.15,Pune,Maharashtra,West,0.1,0.975,4.4451136363636365,1422.4650000000001,6323.018568750001
10,172,4.5181818181818185,Kissan Hair Care 50ml x12 (Economy),30,346.12,378.57,Raipur,Chhattisgarh,Central,0.1,0.975,4.405227272727273,416.427,1834.4555775000001
17,419,4.318181818181818,Tropicana Baking Supplies 2000ml x2 (Economy),25,194.19,228.37,Tirupati,Andhra Pradesh,South,0.1,0.975,4.2102272727272725,251.20700000000002,1057.6385625
25,670,4.277272727272727,Surf Excel Soft Drinks 1000g x2 (Regular),26,100.9,115.27,Bhubaneswar,Odisha,East,0.1,0.975,4.170340909090909,126.79700000000001,528.78671625
2,1320,4.2272727272727275,Pepsi Pickles 200ml x1 (Economy),23,213.95,241.91,Gurugram,Haryana,North,0.1,0.975,4.1215909090909095,266.101,1096.7594625000002
16,598,4.218181818181818,Kissan Health Drinks 250ml x1 (Regular),18,121.57,150.44,Mumbai,Maharashtra,West,0.1,0.975,4.112727272727272,165.484,680.59056
4,1132,4.2,Appy Category 91 250ml x5 (Economy),91,2682.53,3047.53,Amritsar,Punjab,North,0.1,0.975,4.095,3352.2830000000004,13727.598885000001
39,816,4.140909090909091,Paper Boat Spices 750g x3 (Economy),7,481.78,549.69,Visakhapatnam,Andhra Pradesh,South,0.1,0.975,4.037386363636363,604.6590000000001,2441.24200125
49,677,3.981818181818182,Coca-Cola Soft Drinks 750g x1 (Economy),26,77.36,92.08,Meerut,Uttar Pradesh,North,0.1,0.975,3.8822727272727273,101.28800000000001,393.22764000000006
41,750,3.963636363636364,Britannia Men's Grooming 200g x10 (Regular),33,408.56,487.91,Ranchi,Jharkhand,East,0.1,0.975,3.8645454545454547,536.701,2074.10541
23,709,3.8454545454545452,MDH Home Care 200g x1 (Regular),38,182.61,225.36,Meerut,Uttar Pradesh,North,0.1,0.975,3.7493181818181816,247.89600000000004,929.4409800000001
23,484,3.840909090909091,Saffola Protein 750g x2 (Regular),76,278.68,336.63,Meerut,Uttar Pradesh,North,0.1,0.975,3.7448863636363634,370.293,1386.70520625
40,190,3.7954545454545454,Paper Boat Protein 250ml x10 (Regular),76,321.04,352.68,Mumbai,Maharashtra,West,0.1,0.975,3.7005681818181815,387.94800000000004,1435.628025
31,127,3.790909090909091,Lifebuoy Fresh Produce 200ml x1 (Regular),1,123.71,148.0,Gwalior,Madhya Pradesh,Central,0.1,0.975,3.6961363636363638,162.8,601.7310000000001
43,926,3.7772727272727273,ITC Dishwash 500g x2 (Regular),40,134.35,166.97,Indore,Madhya Pradesh,Central,0.1,0.975,3.682840909090909,183.667,676.41634125
19,74,3.7409090909090907,Nestlé Category 91 500g x1 (Economy),91,2368.44,2846.26,Mangaluru,Karnataka,South,0.1,0.975,3.6473863636363633,3130.8860000000004,11419.550902500001
5,808,3.659090909090909,Nivea Spices 50ml x6 (Regular),7,333.95,374.02,Mumbai,Maharashtra,West,0.1,0.975,3.567613636363636,411.422,1467.7947375
29,1163,3.5863636363636364,Harpic Kitchen Appliances 100g x1 (Premium),49,225.57,259.05,Vijayawada,Andhra Pradesh,South,0.1,0.975,3.4967045454545453,284.95500000000004,996.4034437500001
39,808,3.5863636363636364,Nivea Spices 50ml x6 (Regular),7,333.95,374.02,Visakhapatnam,Andhra Pradesh,South,0.1,0.975,3.4967045454545453,411.422,1438.6211775
40,1114,3.581818181818182,Ariel Gifting Combos 250ml x3 (Premium),63,205.0,226.47,Mumbai,Maharashtra,West,0.1,0.975,3.492272727272727,249.11700000000002,869.984505
39,1415,3.581818181818182,ITC Diabetic Care 100g x2 (Economy),86,1288.47,1521.3,Visakhapatnam,Andhra Pradesh,South,0.1,0.975,3.492272727272727,1673.43,5844.07395
2,670,3.5454545454545454,Surf Excel Soft Drinks 1000g x2 (Regular),26,100.9,115.27,Gurugram,Haryana,North,0.1,0.975,3.4568181818181816,126.79700000000001,438.31417500000003
20,1439,3.540909090909091,Fortune Personal Care 750g x24 (Regular),28,571.08,634.33,Hyderabad,Telangana,South,0.1,0.975,3.452386363636364,697.7630000000001,2408.9474662500006
12,231,3.4954545454545456,DMart Home Care 1000g x1 (Economy),38,219.52,277.64,Faridabad,Haryana,North,0.1,0.975,3.408068181818182,305.404,1040.837655
38,1137,3.4863636363636363,Colgate Pooja Items 100ml x3 (Economy),83,868.45,1072.5,Chandigarh,Chandigarh,North,0.1,0.975,3.399204545454545,1179.75,4010.2115624999997
3,1108,3.463636363636364,Harpic First Aid 100g x3 (Regular),85,242.2,278.74,Chandigarh,Chandigarh,North,0.1,0.975,3.3770454545454545,306.61400000000003,1035.449415
20,744,3.418181818181818,Dettol Laundry Detergent 50ml x1 (Regular),39,213.91,251.26,Hyderabad,Telangana,South,0.1,0.975,3.3327272727272725,276.386,921.1191600000001
21,1059,3.381818181818182,Dettol Apparel 500ml x3 (Regular),60,668.05,819.96,Bengaluru,Karnataka,South,0.1,0.975,3.2972727272727274,901.9560000000001,2973.9949200000005
12,734,3.3727272727272726,Appy Electronics Accessories 750ml x4 (Regular),65,802.29,895.55,Faridabad,Haryana,North,0.1,0.975,3.2884090909090906,985.105,3239.4282375
32,760,3.3227272727272728,Saffola Baby Food 100ml x1 (Regular),19,29.65,37.13,Indore,Madhya Pradesh,Central,0.1,0.975,3.239659090909091,40.843,132.31739625
34,92,3.3181818181818183,Sunfeast Automotive 250ml x12 (Economy),69,694.37,794.91,Faridabad,Haryana,North,0.1,0.975,3.235227272727273,874.4010000000001,2828.8859625000005
22,138,3.2545454545454544,Dove Masks 50ml x3 (Economy),84,2146.76,2477.08,Siliguri,West Bengal,East,0.1,0.975,3.173181818181818,2724.788,8646.247739999999
44,311,3.2454545454545456,Saffola Breakfast Cereals 50g x6 (Regular),20,91.3,115.02,Indore,Madhya Pradesh,Central,0.1,0.975,3.164318181818182,126.522,400.35586500000005
13,219,3.2409090909090907,Nestlé Home Décor 100ml x24 (Regular),81,3484.47,3936.11,Dehradun,Uttarakhand,North,0.1,0.975,3.1598863636363634,4329.7210000000005,13681.42634625
44,885,3.2181818181818183,Haldiram Protein 750g x1 (Economy),76,230.64,261.65,Indore,Madhya Pradesh,Central,0.1,0.975,3.1377272727272727,287.815,903.084975
24,498,3.1863636363636365,Surf Excel Hair Care 250g x4 (Economy),30,390.92,425.96,Ludhiana,Punjab,North,0.1,0.975,3.1067045454545457,468.55600000000004,1455.6650550000002
1,931,3.1772727272727272,"Sunfeast Sugar, Jaggery 500g x6 (Regular)",8,376.16,470.66,Mumbai,Maharashtra,West,0.1,0.975,3.097840909090909,517.7260000000001,1603.8327825000003
50,353,3.172727272727273,ITC Meat 500ml x1 (Regular),17,140.8,162.71,Meerut,Uttar Pradesh,North,0.1,0.975,3.0934090909090908,178.98100000000002,553.6614525
4,614,3.172727272727273,Coca-Cola Soft Drinks 100g x6 (Economy),26,54.75,70.18,Amritsar,Punjab,North,0.1,0.975,3.0934090909090908,77.19800000000001,238.80499500000002
45,726,3.1636363636363636,Sunfeast Disposable 2000g x5 (Regular),43,1015.39,1216.26,Ludhiana,Punjab,North,0.1,0.975,3.0845454545454545,1337.8860000000002,4126.77018
8,1260,3.1454545454545455,Fortune Oral Care 500g x4 (Economy),29,58.32,72.33,Raipur,Chhattisgarh,Central,0.1,0.975,3.066818181818182,79.563,244.005255
19,54,3.140909090909091,Saffola Baking Supplies 2000g x1 (Regular),25,162.33,192.08,Mangaluru,Karnataka,South,0.1,0.975,3.0623863636363637,211.28800000000004,647.0454900000001
46,996,3.1363636363636362,Bikaji Category 90 100ml x1 (Economy),90,1266.37,1499.56,Kolkata,West Bengal,East,0.1,0.975,3.057954545454545,1649.516,5044.14495
42,1489,3.1272727272727274,Coca-Cola Oral Care 250g x24 (Economy),29,75.02,86.58,Bhubaneswar,Odisha,East,0.1,0.975,3.0490909090909093,95.238,290.38932
44,726,3.0863636363636364,Sunfeast Disposable 2000g x5 (Regular),43,1015.39,1216.26,Indore,Madhya Pradesh,Central,0.1,0.975,3.0092045454545455,1337.8860000000002,4025.9726325000006
7,772,3.0863636363636364,Colgate Mobile Accessories 200g x24 (Premium),66,857.24,1009.91,Udaipur,Rajasthan,North,0.1,0.975,3.0092045454545455,1110.901,3342.9283387500004
19,828,3.0727272727272728,Dettol OTC Medicines 200ml x2 (Economy),37,738.4,854.34,Mangaluru,Karnataka,South,0.1,0.975,2.995909090909091,939.7740000000001,2815.4774700000007
35,1163,3.0681818181818183,Harpic Kitchen Appliances 100g x1 (Premium),49,225.57,259.05,Patna,Bihar,East,0.1,0.975,2.991477272727273,284.95500000000004,852.4364062500002
7,172,3.059090909090909,Kissan Hair Care 50ml x12 (Economy),30,346.12,378.57,Udaipur,Rajasthan,North,0.1,0.975,2.982613636363636,416.427,1242.04084875
34,57,3.040909090909091,DMart School Essentials 100ml x6 (Regular),64,68.11,87.14,Faridabad,Haryana,North,0.1,0.975,2.9648863636363636,95.85400000000001,284.19621750000005
48,1422,3.0318181818181817,Colgate Mobile Accessories 2000ml x4 (Regular),66,731.27,895.69,Vadodara,Gujarat,West,0.1,0.975,2.9560227272727273,985.2590000000001,2912.4479962500004
12,681,3.0272727272727273,Dettol Kitchen Appliances 500ml x3 (Economy),49,317.81,390.21,Faridabad,Haryana,North,0.1,0.975,2.951590909090909,429.231,1266.9143175
8,60,3.022727272727273,Surf Excel Chocolates 2000ml x3 (Economy),14,269.38,324.82,Raipur,Chhattisgarh,Central,0.1,0.975,2.947159090909091,357.302,1053.0258375
1,164,3.018181818181818,Pepsi Value Packs 1000ml x1 (Economy),89,2752.09,3371.04,Mumbai,Maharashtra,West,0.1,0.975,2.9427272727272724,3708.1440000000002,10912.05648
29,270,3.0090909090909093,Lifebuoy Men's Grooming 200g x10 (Premium),33,596.18,655.41,Vijayawada,Andhra Pradesh,South,0.1,0.975,2.9338636363636366,720.951,2115.1719225
39,1279,3.0045454545454544,Aashirvaad Ready-to-Eat 750ml x10 (Regular),11,118.5,132.16,Visakhapatnam,Andhra Pradesh,South,0.1,0.975,2.929431818181818,145.376,425.86908
45,1400,3.0045454545454544,Pears Toys 1000g x1 (Economy),45,544.45,656.35,Ludhiana,Punjab,North,0.1,0.975,2.929431818181818,721.9850000000001,2115.00583125
45,137,3.0,Nivea Spices 200ml x1 (Economy),7,216.21,261.43,Ludhiana,Punjab,North,0.1,0.975,2.925,287.57300000000004,841.151025
19,662,2.9954545454545456,Haldiram Water 1000g x1 (Regular),27,328.8,380.79,Mangaluru,Karnataka,South,0.1,0.975,2.9205681818181817,418.869,1223.3354737500001
24,646,2.9954545454545456,Fortune Category 93 50g x5 (Regular),93,818.52,985.67,Ludhiana,Punjab,North,0.1,0.975,2.9205681818181817,1084.237,3166.58808375
7,1260,2.9681818181818183,Fortune Oral Care 500g x4 (Economy),29,58.32,72.33,Udaipur,Rajasthan,North,0.1,0.975,2.893977272727273,79.563,230.25351375000002
14,637,2.9545454545454546,Nestlé Party Supplies 1000g x2 (Economy),82,502.15,582.88,Tirupati,Andhra Pradesh,South,0.1,0.975,2.8806818181818183,641.168,1847.0010000000002
40,585,2.940909090909091,"Haldiram Sugar, Jaggery 1000ml x2 (Regular)",8,480.92,542.8,Mumbai,Maharashtra,West,0.1,0.975,2.8673863636363635,597.08,1712.05905
47,294,2.9363636363636365,Bikaji Bath Linen 750ml x3 (Premium),54,1206.63,1445.75,Pune,Maharashtra,West,0.1,0.975,2.8629545454545458,1590.325,4553.028187500001
4,1423,2.9318181818181817,Dabur Electronics Accessories 100g x2 (Economy),65,413.1,499.35,Amritsar,Punjab,North,0.1,0.975,2.858522727272727,549.2850000000001,1570.1436562500003
24,241,2.9318181818181817,Amul Category 96 250g x3 (Economy),96,1262.96,1396.25,Ludhiana,Punjab,North,0.1,0.975,2.858522727272727,1535.8750000000002,4390.333593750001
13,842,2.9318181818181817,Lifebuoy Category 92 250g x1 (Regular),92,671.37,751.83,Dehradun,Uttarakhand,North,0.1,0.975,2.858522727272727,827.0130000000001,2364.03545625
16,1250,2.9136363636363636,Nestlé OTC Medicines 1000ml x2 (Economy),37,918.72,1101.91,Mumbai,Maharashtra,West,0.1,0.975,2.8407954545454546,1212.101,3443.3310112500003
40,112,2.9136363636363636,Paper Boat Pulses 50g x4 (Premium),5,235.07,288.26,Mumbai,Maharashtra,West,0.1,0.975,2.8407954545454546,317.086,900.7764675000001
26,1441,2.909090909090909,Patanjali Sanitary 2000ml x1 (Regular),80,1112.72,1379.7,Vijayawada,Andhra Pradesh,South,0.1,0.975,2.8363636363636364,1517.67,4304.664000000001
49,294,2.909090909090909,Bikaji Bath Linen 750ml x3 (Premium),54,1206.63,1445.75,Meerut,Uttar Pradesh,North,0.1,0.975,2.8363636363636364,1590.325,4510.74
16,325,2.8954545454545455,Appy Personal Care 750g x12 (Regular),28,477.49,568.38,Mumbai,Maharashtra,West,0.1,0.975,2.823068181818182,625.2180000000001,1765.0330425000004
9,1302,2.8863636363636362,Appy OTC Medicines 100ml x1 (Regular),37,517.21,604.71,Thiruvananthapuram,Kerala,South,0.1,0.975,2.8142045454545452,665.181,1871.95539375
40,1075,2.85,Tropicana Ready-to-Eat 500ml x4 (Economy),11,79.65,90.25,Mumbai,Maharashtra,West,0.1,0.975,2.77875,99.275,275.86040625000004
29,681,2.8454545454545452,Dettol Kitchen Appliances 500ml x3 (Economy),49,317.81,390.21,Vijayawada,Andhra Pradesh,South,0.1,0.975,2.7743181818181815,429.231,1190.8233675
49,1199,2.840909090909091,Monster Meat 250ml x2 (Regular),17,136.44,164.47,Meerut,Uttar Pradesh,North,0.1,0.975,2.7698863636363633,180.917,501.11953124999997
21,190,2.790909090909091,Paper Boat Protein 250ml x10 (Regular),76,321.04,352.68,Bengaluru,Karnataka,South,0.1,0.975,2.7211363636363637,387.94800000000004,1055.6594100000002
2,371,2.786363636363636,Parle Festive Packs 50g x2 (Economy),62,368.98,452.89,Gurugram,Haryana,North,0.1,0.975,2.716704545454545,498.17900000000003,1353.40515375
17,670,2.772727272727273,Surf Excel Soft Drinks 1000g x2 (Regular),26,100.9,115.27,Tirupati,Andhra Pradesh,South,0.1,0.975,2.703409090909091,126.79700000000001,342.78416250000004
43,1344,2.768181818181818,Appy Category 93 50g x6 (Premium),93,1176.42,1318.5,Indore,Madhya Pradesh,Central,0.1,0.975,2.6989772727272725,1450.3500000000001,3914.4616875
11,538,2.7636363636363637,Amul Oral Care 1000ml x3 (Regular),29,78.79,94.06,Coimbatore,Tamil Nadu,South,0.1,0.975,2.6945454545454544,103.46600000000001,278.79384
44,1152,2.7590909090909093,DMart Laundry Detergent 500ml x6 (Regular),39,411.55,478.65,Indore,Madhya Pradesh,Central,0.1,0.975,2.6901136363636367,526.515,1416.3851812500002
44,1489,2.75,Coca-Cola Oral Care 250g x24 (Economy),29,75.02,86.58,Indore,Madhya Pradesh,Central,0.1,0.975,2.68125,95.238,255.3568875
46,536,2.7181818181818183,Aashirvaad Home Appliances 750g x12 (Economy),48,935.6,1193.17,Kolkata,West Bengal,East,0.1,0.975,2.650227272727273,1312.487,3478.3888425000005
1,626,2.709090909090909,Parle Pickles 250g x1 (Regular),23,208.59,266.92,Mumbai,Maharashtra,West,0.1,0.975,2.641363636363636,293.612,775.53606
33,165,2.7045454545454546,Ariel Dairy 250g x6 (Regular),2,187.17,216.98,Ludhiana,Punjab,North,0.1,0.975,2.636931818181818,238.678,629.3776124999999
47,463,2.7,"Appy Tea, Coffee 250ml x3 (Premium)",9,107.66,125.1,Pune,Maharashtra,West,0.1,0.975,2.6325000000000003,137.61,362.25832500000007
17,514,2.690909090909091,Nivea School Essentials 100ml x1 (Regular),64,49.57,55.51,Tirupati,Andhra Pradesh,South,0.1,0.975,2.6236363636363635,61.061,160.20185999999998
7,198,2.6772727272727272,Patanjali Baby Food 200ml x5 (Economy),19,40.54,51.64,Udaipur,Rajasthan,North,0.1,0.975,2.610340909090909,56.804,148.277805
27,1087,2.6772727272727272,Tropicana Air Fresheners 1000ml x1 (Economy),41,927.28,1046.4,Vijayawada,Andhra Pradesh,South,0.1,0.975,2.610340909090909,1151.0400000000002,3004.6068000000005
12,114,2.668181818181818,Red Bull Sports 50g x1 (Regular),57,229.51,268.01,Faridabad,Haryana,North,0.1,0.975,2.6014772727272724,294.81100000000004,766.94411625
48,1360,2.6636363636363636,Ariel Lighting 2000ml x1 (Economy),68,909.02,1123.67,Vadodara,Gujarat,West,0.1,0.975,2.597045454545454,1236.0370000000003,3210.0442725000003
15,1149,2.659090909090909,Bikaji Breakfast Cereals 200g x2 (Regular),20,94.72,119.3,Ranchi,Jharkhand,East,0.1,0.975,2.5926136363636365,131.23000000000002,340.2286875000001
30,1489,2.6545454545454548,Coca-Cola Oral Care 250g x24 (Economy),29,75.02,86.58,Ranchi,Jharkhand,East,0.1,0.975,2.5881818181818184,95.238,246.49326000000002
18,898,2.65,Catch Category 93 2000ml x1 (Premium),93,1253.91,1450.46,Panaji,Goa,West,0.1,0.975,2.5837499999999998,1595.506,4122.3886274999995
17,1125,2.6363636363636362,Kissan Skin Care 100g x5 (Economy),31,172.61,192.81,Tirupati,Andhra Pradesh,South,0.1,0.975,2.5704545454545453,212.091,545.170275
18,1116,2.631818181818182,ITC Women's Hygiene 250g x6 (Regular),34,908.93,1065.03,Panaji,Goa,West,0.1,0.975,2.566022727272727,1171.5330000000001,3006.1803037500003
17,1138,2.6136363636363638,Dettol Home Appliances 250ml x3 (Economy),48,800.96,878.43,Tirupati,Andhra Pradesh,South,0.1,0.975,2.5482954545454546,966.273,2462.34909375
19,800,2.590909090909091,"Kellogg's Sauces, Ketchup 100g x2 (Regular)",22,137.67,158.48,Mangaluru,Karnataka,South,0.1,0.975,2.5261363636363634,174.328,440.37629999999996
13,665,2.5863636363636364,Dove Frozen Foods 100g x12 (Premium),16,311.49,340.69,Dehradun,Uttarakhand,North,0.1,0.975,2.5217045454545453,374.759,945.0314737499999
49,675,2.577272727272727,Colgate Health Drinks 2000ml x2 (Regular),18,196.94,238.75,Meerut,Uttar Pradesh,North,0.1,0.975,2.512840909090909,262.625,659.9348437499999
48,462,2.577272727272727,Appy Ice Cream 50g x1 (Economy),15,195.05,222.36,Vadodara,Gujarat,West,0.1,0.975,2.512840909090909,244.59600000000003,614.630835
30,920,2.5727272727272728,Amul Chocolates 500ml x3 (Regular),14,241.84,302.53,Ranchi,Jharkhand,East,0.1,0.975,2.508409090909091,332.783,834.7559025
48,675,2.5727272727272728,Colgate Health Drinks 2000ml x2 (Regular),18,196.94,238.75,Vadodara,Gujarat,West,0.1,0.975,2.508409090909091,262.625,658.7709375
28,124,2.540909090909091,MDH Health Drinks 2000g x1 (Economy),18,161.02,191.93,Meerut,Uttar Pradesh,North,0.1,0.975,2.4773863636363638,211.12300000000002,523.0332412500001
25,1201,2.540909090909091,Nestlé Category 95 200ml x2 (Regular),95,1568.49,1748.43,Bhubaneswar,Odisha,East,0.1,0.975,2.4773863636363638,1923.2730000000001,4764.690303750001
44,1364,2.540909090909091,Harpic Masks 2000ml x4 (Economy),84,4214.21,4853.47,Indore,Madhya Pradesh,Central,0.1,0.975,2.4773863636363638,5338.817000000001,13226.312433750003
12,1420,2.536363636363636,"Kellogg's Tea, Coffee 200g x3 (Economy)",9,72.53,86.57,Faridabad,Haryana,North,0.1,0.975,2.472954545454545,95.227,235.4920425
28,1222,2.5272727272727273,Bikaji Water 750g x10 (Premium),27,621.27,680.72,Meerut,Uttar Pradesh,North,0.1,0.975,2.464090909090909,748.7920000000001,1845.0915600000003
27,804,2.5272727272727273,Saffola International Foods 200ml x5 (Regular),74,1467.51,1756.98,Vijayawada,Andhra Pradesh,South,0.1,0.975,2.464090909090909,1932.678,4762.29429
45,34,2.518181818181818,Appy Spices 50ml x10 (Regular),7,369.78,433.18,Ludhiana,Punjab,North,0.1,0.975,2.4552272727272726,476.49800000000005,1169.910885
34,808,2.5136363636363637,Nivea Spices 50ml x6 (Regular),7,333.95,374.02,Faridabad,Haryana,North,0.1,0.975,2.4507954545454544,411.422,1008.3111675
37,971,2.5136363636363637,DMart Bakery 500g x4 (Regular),3,439.36,485.21,Nashik,Maharashtra,West,0.1,0.975,2.4507954545454544,533.731,1308.06550875
23,828,2.5090909090909093,Dettol OTC Medicines 200ml x2 (Economy),37,738.4,854.34,Meerut,Uttar Pradesh,North,0.1,0.975,2.4463636363636363,939.7740000000001,2299.02894
3,434,2.5,MDH Snacks 750ml x1 (Regular),12,49.48,62.18,Chandigarh,Chandigarh,North,0.1,0.975,2.4375,68.39800000000001,166.72012500000002
41,772,2.5,Colgate Mobile Accessories 200g x24 (Premium),66,857.24,1009.91,Ranchi,Jharkhand,East,0.1,0.975,2.4375,1110.901,2707.8211875
14,1430,2.5,Catch Hardware 750ml x1 (Economy),70,614.56,741.38,Tirupati,Andhra Pradesh,South,0.1,0.975,2.4375,815.518,1987.825125
7,695,2.481818181818182,Monster Home Décor 500g x6 (Regular),81,3776.46,4399.98,Udaipur,Rajasthan,North,0.1,0.975,2.4197727272727274,4839.978,11711.646765000001
8,406,2.4727272727272727,MDH Pulses 200g x1 (Premium),5,267.48,314.44,Raipur,Chhattisgarh,Central,0.1,0.975,2.4109090909090907,345.884,833.89488
31,1167,2.4545454545454546,Paper Boat Personal Care 500ml x4 (Economy),28,276.56,314.27,Gwalior,Madhya Pradesh,Central,0.1,0.975,2.393181818181818,345.697,827.3157749999999
44,673,2.440909090909091,Saffola Sanitary 500g x1 (Economy),80,763.11,959.2,Indore,Madhya Pradesh,Central,0.1,0.975,2.3798863636363636,1055.1200000000001,2511.0657
16,243,2.440909090909091,Nivea Category 98 250ml x2 (Economy),98,1525.16,1915.88,Mumbai,Maharashtra,West,0.1,0.975,2.3798863636363636,2107.4680000000003,5015.534355000001
36,612,2.440909090909091,Nivea Kitchen Appliances 250ml x4 (Regular),49,295.71,341.62,Lucknow,Uttar Pradesh,North,0.1,0.975,2.3798863636363636,375.78200000000004,894.3184575000001
21,1498,2.440909090909091,Amul Gifting Combos 250ml x5 (Regular),63,189.84,215.88,Bengaluru,Karnataka,South,0.1,0.975,2.3798863636363636,237.46800000000002,565.1468550000001
25,381,2.4363636363636365,Pepsi Category 94 1000g x1 (Regular),94,1153.53,1265.54,Bhubaneswar,Odisha,East,0.1,0.975,2.3754545454545455,1392.094,3306.85602
20,1497,2.4318181818181817,Colgate Edible Oils 2000g x6 (Regular),6,590.13,689.86,Hyderabad,Telangana,South,0.1,0.975,2.371022727272727,758.8460000000001,1799.2411125
41,1456,2.4272727272727272,Amul Pickles 2000ml x3 (Regular),23,419.2,482.0,Ranchi,Jharkhand,East,0.1,0.975,2.366590909090909,530.2,1254.7665000000002
21,1353,2.409090909090909,Bikaji Mobile Accessories 750g x1 (Regular),66,480.8,551.89,Bengaluru,Karnataka,South,0.1,0.975,2.3488636363636366,607.0790000000001,1425.9457875000003
27,1319,2.4045454545454548,Aashirvaad Dairy 2000g x12 (Regular),2,301.96,380.14,Vijayawada,Andhra Pradesh,South,0.1,0.975,2.3444318181818184,418.154,980.3335425000001
19,483,2.3954545454545455,Fortune Breakfast Cereals 250ml x1 (Regular),20,77.25,96.5,Mangaluru,Karnataka,South,0.1,0.975,2.3355681818181817,106.15,247.9205625
17,472,2.3863636363636362,Lifebuoy Stationery 250ml x4 (Economy),44,624.99,731.82,Tirupati,Andhra Pradesh,South,0.1,0.975,2.3267045454545454,805.0020000000001,1873.0018125000001
38,294,2.381818181818182,Bikaji Bath Linen 750ml x3 (Premium),54,1206.63,1445.75,Chandigarh,Chandigarh,North,0.1,0.975,2.3222727272727273,1590.325,3693.168375
46,161,2.3772727272727274,Paper Boat OTC Medicines 50ml x3 (Regular),37,755.33,939.25,Kolkata,West Bengal,East,0.1,0.975,2.317840909090909,1033.1750000000002,2394.7352812500003
30,123,2.3727272727272726,Pepsi Travel 1000ml x5 (Regular),58,811.18,883.69,Ranchi,Jharkhand,East,0.1,0.975,2.3134090909090905,972.0590000000001,2248.7701275
31,539,2.359090909090909,Britannia Women's Hygiene 750g x6 (Regular),34,1158.75,1260.83,Gwalior,Madhya Pradesh,Central,0.1,0.975,2.300113636363636,1386.913,3190.05750375
26,854,2.3545454545454545,Tata Chocolates 200g x24 (Regular),14,260.92,308.85,Vijayawada,Andhra Pradesh,South,0.1,0.975,2.295681818181818,339.73500000000007,779.9234625
44,1392,2.3363636363636364,Dabur Dairy 500ml x2 (Regular),2,159.22,183.1,Indore,Madhya Pradesh,Central,0.1,0.975,2.2779545454545453,201.41,458.802825
14,1162,2.3363636363636364,Red Bull Frozen Foods 200ml x10 (Economy),16,232.41,265.89,Tirupati,Andhra Pradesh,South,0.1,0.975,2.2779545454545453,292.479,666.2538675
18,1252,2.327272727272727,Britannia Dishwash 250g x24 (Premium),40,195.48,243.15,Panaji,Goa,West,0.1,0.975,2.269090909090909,267.46500000000003,606.9024000000001
40,1442,2.3136363636363635,Amul Personal Care 100g x24 (Premium),28,433.15,552.36,Mumbai,Maharashtra,West,0.1,0.975,2.255795454545454,607.5960000000001,1370.6122950000001
2,779,2.3,Appy Dry Fruits 250ml x1 (Regular),24,175.68,204.5,Gurugram,Haryana,North,0.1,0.975,2.2424999999999997,224.95000000000002,504.45037499999995
34,389,2.2954545454545454,Colgate Pet Food Premium 750ml x12 (Premium),88,1215.32,1394.48,Faridabad,Haryana,North,0.1,0.975,2.2380681818181816,1533.928,3433.03545
42,1199,2.286363636363636,Monster Meat 250ml x2 (Regular),17,136.44,164.47,Bhubaneswar,Odisha,East,0.1,0.975,2.2292045454545453,180.917,403.30099874999996
1,830,2.2818181818181817,Colgate Frozen Foods 50ml x12 (Regular),16,256.7,308.58,Mumbai,Maharashtra,West,0.1,0.975,2.224772727272727,339.438,755.1724049999999
2,1113,2.2772727272727273,Kellogg's Packaged Foods 100g x24 (Regular),10,48.17,59.08,Gurugram,Haryana,North,0.1,0.975,2.220340909090909,64.988,144.295515
14,326,2.272727272727273,Tropicana Dairy 750ml x2 (Regular),2,213.81,245.02,Tirupati,Andhra Pradesh,South,0.1,0.975,2.2159090909090913,269.52200000000005,597.2362500000002
42,560,2.2636363636363637,Colgate Gifting Combos 2000g x6 (Economy),63,257.89,312.2,Bhubaneswar,Odisha,East,0.1,0.975,2.2070454545454545,343.42,757.9435500000001
7,193,2.2590909090909093,Nivea International Foods 2000ml x1 (Regular),74,1700.77,2055.01,Udaipur,Rajasthan,North,0.1,0.975,2.2026136363636364,2260.5110000000004,4979.032353750001
33,1314,2.2590909090909093,Britannia Home Furnishing 200ml x2 (Regular),52,633.31,713.58,Ludhiana,Punjab,North,0.1,0.975,2.2026136363636364,784.9380000000001,1728.9151425000002
14,1432,2.2590909090909093,Pepsi Home Care 1000ml x1 (Economy),38,247.75,297.46,Tirupati,Andhra Pradesh,South,0.1,0.975,2.2026136363636364,327.206,720.7083975
48,1311,2.25,DMart Chocolates 100g x3 (Regular),14,172.72,210.21,Vadodara,Gujarat,West,0.1,0.975,2.19375,231.23100000000002,507.26300625000005
12,934,2.2363636363636363,"Maggi Sauces, Ketchup 250ml x3 (Premium)",22,243.77,269.84,Faridabad,Haryana,North,0.1,0.975,2.180454545454545,296.824,647.21124
15,306,2.2181818181818183,Dove Snacks 50g x3 (Economy),12,37.18,42.07,Ranchi,Jharkhand,East,0.1,0.975,2.1627272727272726,46.277,100.08453
31,759,2.213636363636364,Aashirvaad Home Appliances 2000g x1 (Economy),48,966.41,1173.51,Gwalior,Madhya Pradesh,Central,0.1,0.975,2.158295454545455,1290.861,2786.0594287500007
50,336,2.209090909090909,Tata Organic 50ml x3 (Regular),73,320.41,360.37,Meerut,Uttar Pradesh,North,0.1,0.975,2.1538636363636363,396.40700000000004,853.8066225000001
11,68,2.209090909090909,Amul Storage 2000ml x1 (Regular),51,96.84,109.65,Coimbatore,Tamil Nadu,South,0.1,0.975,2.1538636363636363,120.61500000000001,259.78826250000003
46,1135,2.2,Patanjali Bath Linen 1000ml x3 (Economy),54,974.05,1078.55,Kolkata,West Bengal,East,0.1,0.975,2.145,1186.405,2544.838725
8,770,2.1954545454545453,Britannia Category 93 1000g x5 (Economy),93,1289.5,1565.55,Raipur,Chhattisgarh,Central,0.1,0.975,2.1405681818181814,1722.105,3686.2831687499993
10,1302,2.1818181818181817,Appy OTC Medicines 100ml x1 (Regular),37,517.21,604.71,Raipur,Chhattisgarh,Central,0.1,0.975,2.127272727272727,665.181,1415.0213999999999
47,57,2.1818181818181817,DMart School Essentials 100ml x6 (Regular),64,68.11,87.14,Pune,Maharashtra,West,0.1,0.975,2.127272727272727,95.85400000000001,203.9076
16,96,2.168181818181818,Fortune Pickles 250g x1 (Economy),23,210.81,259.83,Mumbai,Maharashtra,West,0.1,0.975,2.1139772727272725,285.813,604.20218625
42,325,2.168181818181818,Appy Personal Care 750g x12 (Regular),28,477.49,568.38,Bhubaneswar,Odisha,East,0.1,0.975,2.1139772727272725,625.2180000000001,1321.6966425
8,1345,2.1636363636363636,Kissan Home Décor 100ml x1 (Regular),81,1855.2,2030.25,Raipur,Chhattisgarh,Central,0.1,0.975,2.1095454545454544,2233.275,4711.195125
17,1368,2.159090909090909,Dabur Seasonal Specials 250g x1 (Premium),61,321.8,405.79,Tirupati,Andhra Pradesh,South,0.1,0.975,2.1051136363636362,446.3690000000001,939.6574687500001
33,57,2.159090909090909,DMart School Essentials 100ml x6 (Regular),64,68.11,87.14,Ludhiana,Punjab,North,0.1,0.975,2.1051136363636362,95.85400000000001,201.78356250000002
37,359,2.15,Nivea Pickles 250ml x10 (Economy),23,330.64,360.68,Nashik,Maharashtra,West,0.1,0.975,2.09625,396.74800000000005,831.6829950000001
5,830,2.15,Colgate Frozen Foods 50ml x12 (Regular),16,256.7,308.58,Mumbai,Maharashtra,West,0.1,0.975,2.09625,339.438,711.5469075
40,1336,2.15,Lifebuoy Baby Food 1000g x1 (Economy),19,56.47,69.8,Mumbai,Maharashtra,West,0.1,0.975,2.09625,76.78,160.950075
9,1294,2.1454545454545455,"Bikaji Sugar, Jaggery 50ml x1 (Economy)",8,189.63,209.44,Thiruvananthapuram,Kerala,South,0.1,0.975,2.091818181818182,230.38400000000001,481.92144
39,1198,2.1454545454545455,Fortune Fresh Produce 50g x1 (Regular),1,126.23,141.02,Visakhapatnam,Andhra Pradesh,South,0.1,0.975,2.091818181818182,155.122,324.48702000000003
30,1202,2.1363636363636362,DMart Staples 2000ml x4 (Premium),4,528.72,658.54,Ranchi,Jharkhand,East,0.1,0.975,2.0829545454545455,724.394,1508.879775
50,463,2.1363636363636362,"Appy Tea, Coffee 250ml x3 (Premium)",9,107.66,125.1,Meerut,Uttar Pradesh,North,0.1,0.975,2.0829545454545455,137.61,286.635375
49,89,2.1227272727272726,Lizol Sanitary 250g x4 (Regular),80,950.33,1209.29,Meerut,Uttar Pradesh,North,0.1,0.975,2.0696590909090906,1330.219,2753.0998462499997
44,612,2.118181818181818,Nivea Kitchen Appliances 250ml x4 (Regular),49,295.71,341.62,Indore,Madhya Pradesh,Central,0.1,0.975,2.0652272727272725,375.78200000000004,776.075235
45,698,2.1136363636363638,Nestlé Lighting 200g x1 (Economy),68,586.94,656.66,Ludhiana,Punjab,North,0.1,0.975,2.0607954545454548,722.326,1488.5661375000002
5,367,2.1136363636363638,Britannia Laundry Detergent 1000g x1 (Regular),39,381.41,450.19,Mumbai,Maharashtra,West,0.1,0.975,2.0607954545454548,495.20900000000006,1020.5244562500002
45,976,2.109090909090909,Pepsi Staples 200g x12 (Regular),4,333.68,416.96,Ludhiana,Punjab,North,0.1,0.975,2.056363636363636,458.656,943.16352
47,325,2.1045454545454545,Appy Personal Care 750g x12 (Regular),28,477.49,568.38,Pune,Maharashtra,West,0.1,0.975,2.051931818181818,625.2180000000001,1282.9047075
39,583,2.0954545454545452,"Parle Sugar, Jaggery 500g x10 (Economy)",8,395.29,450.45,Visakhapatnam,Andhra Pradesh,South,0.1,0.975,2.0430681818181817,495.495,1012.33006875
24,549,2.090909090909091,Dettol Meat 200ml x10 (Premium),17,219.63,245.56,Ludhiana,Punjab,North,0.1,0.975,2.0386363636363636,270.11600000000004,550.6683
40,1364,2.0863636363636364,Harpic Masks 2000ml x4 (Economy),84,4214.21,4853.47,Mumbai,Maharashtra,West,0.1,0.975,2.0342045454545454,5338.817000000001,10860.245808750002
37,960,2.0863636363636364,MDH Category 95 100g x24 (Economy),95,1549.61,1732.59,Nashik,Maharashtra,West,0.1,0.975,2.0342045454545454,1905.8490000000002,3876.8866987500005
28,653,2.077272727272727,"ITC Sauces, Ketchup 1000ml x2 (Premium)",22,373.12,444.54,Meerut,Uttar Pradesh,North,0.1,0.975,2.025340909090909,488.9940000000001,990.3795525000002
47,553,2.059090909090909,Aashirvaad Seasonal Specials 750ml x6 (Regular),61,419.68,538.04,Pune,Maharashtra,West,0.1,0.975,2.007613636363636,591.844,1188.1940849999999
33,1070,2.05,Tata Oral Care 50ml x6 (Economy),29,50.42,54.83,Ludhiana,Punjab,North,0.1,0.975,1.9987499999999998,60.313,120.55060875
40,70,2.040909090909091,Maggi Home Care 500ml x5 (Economy),38,355.8,387.94,Mumbai,Maharashtra,West,0.1,0.975,1.9898863636363637,426.73400000000004,849.1521675000001
9,1332,2.040909090909091,Everest Toys 250g x1 (Regular),45,388.15,448.97,Thiruvananthapuram,Kerala,South,0.1,0.975,1.9898863636363637,493.8670000000001,982.7392087500002
29,1305,2.036363636363636,Catch Oral Care 100g x1 (Regular),29,30.38,37.69,Vijayawada,Andhra Pradesh,South,0.1,0.975,1.9854545454545451,41.459,82.31496
38,209,2.036363636363636,Harpic Edible Oils 100g x1 (Economy),6,222.57,270.22,Chandigarh,Chandigarh,North,0.1,0.975,1.9854545454545451,297.2420000000001,590.16048
10,875,2.036363636363636,Kissan Snacks 250g x1 (Regular),12,37.77,48.39,Raipur,Chhattisgarh,Central,0.1,0.975,1.9854545454545451,53.229000000000006,105.68375999999999
49,615,2.0318181818181817,Surf Excel Water 50ml x4 (Regular),27,239.97,281.47,Meerut,Uttar Pradesh,North,0.1,0.975,1.9810227272727272,309.6170000000001,613.3583137500001
16,103,2.0318181818181817,"Tropicana Sauces, Ketchup 50g x24 (Economy)",22,197.25,239.72,Mumbai,Maharashtra,West,0.1,0.975,1.9810227272727272,263.692,522.379845
21,354,2.0272727272727273,Catch Cleaning Tools 1000g x1 (Economy),55,194.24,243.34,Bengaluru,Karnataka,South,0.1,0.975,1.976590909090909,267.67400000000004,529.081995
49,1328,2.018181818181818,Tropicana Spices 250g x1 (Economy),7,259.26,319.72,Meerut,Uttar Pradesh,North,0.1,0.975,1.9677272727272725,351.69200000000006,692.03394
14,181,2.018181818181818,Amul Oral Care 2000g x1 (Regular),29,86.08,94.22,Tirupati,Andhra Pradesh,South,0.1,0.975,1.9677272727272725,103.64200000000001,203.93919
8,36,2.0136363636363637,Red Bull Health Drinks 200ml x10 (Regular),18,146.16,169.72,Raipur,Chhattisgarh,Central,0.1,0.975,1.9632954545454546,186.692,366.531555
8,541,2.0090909090909093,Sunfeast Home Care 500g x2 (Economy),38,288.4,323.39,Raipur,Chhattisgarh,Central,0.1,0.975,1.9588636363636365,355.72900000000004,696.8246025000001
37,613,2.0045454545454544,Kissan Kitchen Essentials 50ml x6 (Premium),42,69.11,83.52,Nashik,Maharashtra,West,0.1,0.975,1.954431818181818,91.872,179.55756
41,1450,2.0045454545454544,Colgate Meat 1000g x10 (Regular),17,214.89,272.65,Ranchi,Jharkhand,East,0.1,0.975,1.954431818181818,299.915,586.16341875
16,1105,2.0,Surf Excel Electricals 750ml x4 (Regular),47,202.64,248.46,Mumbai,Maharashtra,West,0.1,0.975,1.95,273.30600000000004,532.9467000000001
48,1064,2.0,Saffola Cookware 200ml x2 (Regular),50,143.67,159.97,Vadodara,Gujarat,West,0.1,0.975,1.95,175.967,343.13565
43,408,1.9954545454545454,Colgate Home Appliances 200ml x2 (Economy),48,520.81,601.02,Indore,Madhya Pradesh,Central,0.1,0.975,1.9455681818181816,661.1220000000001,1286.2579275
32,341,1.990909090909091,Parle School Essentials 50g x1 (Economy),64,47.55,53.81,Indore,Madhya Pradesh,Central,0.1,0.975,1.9411363636363637,59.19100000000001,114.89780250000003
35,568,1.990909090909091,Coca-Cola Category 90 2000g x10 (Regular),90,3776.98,4370.4,Patna,Bihar,East,0.1,0.975,1.9411363636363637,4807.44,9331.8966
50,985,1.9863636363636363,Himalaya Noodles 250ml x2 (Economy),21,128.91,154.92,Meerut,Uttar Pradesh,North,0.1,0.975,1.9367045454545453,170.412,330.037695
37,238,1.9863636363636363,Dabur Home Appliances 250g x2 (Economy),48,532.78,646.19,Nashik,Maharashtra,West,0.1,0.975,1.9367045454545453,710.8090000000001,1376.62702125
26,315,1.9727272727272727,Nestlé Pet Care 250ml x1 (Premium),46,533.38,603.1,Vijayawada,Andhra Pradesh,South,0.1,0.975,1.9234090909090908,663.4100000000001,1276.0088250000001
20,1002,1.9636363636363636,ITC Bedding 50g x1 (Regular),53,100.47,124.62,Hyderabad,Telangana,South,0.1,0.975,1.9145454545454546,137.08200000000002,262.44972000000007
9,356,1.9636363636363636,ITC Dry Fruits 100ml x6 (Economy),24,186.47,220.36,Thiruvananthapuram,Kerala,South,0.1,0.975,1.9145454545454546,242.39600000000004,464.0781600000001
24,1270,1.959090909090909,Catch Baking Supplies 1000ml x1 (Regular),25,136.9,168.03,Ludhiana,Punjab,North,0.1,0.975,1.9101136363636362,184.83300000000003,353.05203375
45,361,1.959090909090909,Pepsi Packaged Foods 100ml x1 (Premium),10,35.79,42.17,Ludhiana,Punjab,North,0.1,0.975,1.9101136363636362,46.38700000000001,88.60444125000001
18,519,1.95,"Coca-Cola Sugar, Jaggery 1000ml x2 (Regular)",8,428.46,519.06,Panaji,Goa,West,0.1,0.975,1.9012499999999999,570.966,1085.5491075
34,302,1.95,Lizol Health 500g x10 (Regular),36,297.13,349.59,Faridabad,Haryana,North,0.1,0.975,1.9012499999999999,384.549,731.12378625
48,1099,1.95,"DMart Tea, Coffee 50g x2 (Regular)",9,65.46,72.91,Vadodara,Gujarat,West,0.1,0.975,1.9012499999999999,80.20100000000001,152.48215125000002
21,534,1.95,Nestlé Protein 1000g x4 (Regular),76,300.16,361.95,Bengaluru,Karnataka,South,0.1,0.975,1.9012499999999999,398.14500000000004,756.97318125
19,1117,1.9454545454545455,Kissan Category 94 500ml x5 (Regular),94,1405.41,1583.33,Mangaluru,Karnataka,South,0.1,0.975,1.896818181818182,1741.663,3303.618045
3,599,1.940909090909091,Patanjali Shaving 250ml x12 (Economy),79,2013.2,2274.41,Chandigarh,Chandigarh,North,0.1,0.975,1.8923863636363636,2501.851,4734.46871625
22,742,1.940909090909091,Coca-Cola Fresh Produce 100ml x1 (Economy),1,104.16,123.04,Siliguri,West Bengal,East,0.1,0.975,1.8923863636363636,135.34400000000002,256.12314000000003
49,129,1.9318181818181819,Tata Footwear 200g x1 (Regular),59,424.74,488.06,Meerut,Uttar Pradesh,North,0.1,0.975,1.8835227272727273,536.8660000000001,1011.1993125000002
23,960,1.9272727272727272,MDH Category 95 100g x24 (Economy),95,1549.61,1732.59,Meerut,Uttar Pradesh,North,0.1,0.975,1.879090909090909,1905.8490000000002,3581.26353
46,1173,1.9272727272727272,Saffola Breakfast Cereals 500ml x10 (Economy),20,138.85,176.53,Kolkata,West Bengal,East,0.1,0.975,1.879090909090909,194.18300000000002,364.88751
1,1177,1.9227272727272726,Pepsi Ready-to-Eat 750g x2 (Economy),11,82.44,97.42,Mumbai,Maharashtra,West,0.1,0.975,1.8746590909090908,107.162,200.8922175
31,643,1.9181818181818182,Nivea Footwear 500ml x10 (Premium),59,1001.29,1221.45,Gwalior,Madhya Pradesh,Central,0.1,0.975,1.8702272727272726,1343.5950000000003,2512.8280125000006
24,481,1.9181818181818182,Catch Kitchen Essentials 2000ml x1 (Economy),42,71.15,80.77,Ludhiana,Punjab,North,0.1,0.975,1.8702272727272726,88.84700000000001,166.1640825
32,764,1.9181818181818182,Colgate Kitchen Essentials 100g x1 (Economy),42,37.15,47.44,Indore,Madhya Pradesh,Central,0.1,0.975,1.8702272727272726,52.184000000000005,97.59594
36,177,1.9136363636363636,Tata Oral Care 750ml x1 (Regular),29,57.29,70.54,Lucknow,Uttar Pradesh,North,0.1,0.975,1.8657954545454545,77.59400000000001,144.77453250000002
42,742,1.9136363636363636,Coca-Cola Fresh Produce 100ml x1 (Economy),1,104.16,123.04,Bhubaneswar,Odisha,East,0.1,0.975,1.8657954545454545,135.34400000000002,252.52422000000004
48,73,1.9090909090909092,Himalaya Bath Linen 1000ml x1 (Economy),54,776.32,938.15,Vadodara,Gujarat,West,0.1,0.975,1.8613636363636363,1031.9650000000001,1920.8621250000003
43,1150,1.9,Aashirvaad Cosmetics 50g x3 (Premium),77,2088.82,2356.4,Indore,Madhya Pradesh,Central,0.1,0.975,1.8524999999999998,2592.0400000000004,4801.7541
23,1136,1.8954545454545455,Lifebuoy Spices 500g x2 (Economy),7,394.65,437.49,Meerut,Uttar Pradesh,North,0.1,0.975,1.8480681818181819,481.23900000000003,889.3624837500001
11,893,1.8863636363636365,Dettol Kitchen Appliances 100g x3 (Regular),49,202.26,253.01,Coimbatore,Tamil Nadu,South,0.1,0.975,1.8392045454545456,278.31100000000004,511.8708562500001
43,1374,1.8772727272727272,Nivea Protein 500g x24 (Economy),76,354.52,417.94,Indore,Madhya Pradesh,Central,0.1,0.975,1.830340909090909,459.73400000000004,841.4699475000001
26,1403,1.8727272727272728,Red Bull Footwear 100ml x1 (Economy),59,356.9,411.0,Vijayawada,Andhra Pradesh,South,0.1,0.975,1.825909090909091,452.1,825.4935
45,142,1.8727272727272728,Kissan Oral Care 250ml x1 (Regular),29,38.39,46.36,Ludhiana,Punjab,North,0.1,0.975,1.825909090909091,50.996,93.11406000000001
47,566,1.8681818181818182,Ariel Pet Care 500g x1 (Regular),46,521.37,597.02,Pune,Maharashtra,West,0.1,0.975,1.8214772727272728,656.722,1196.2041975
3,1131,1.8636363636363635,Monster Ice Cream 50g x1 (Regular),15,236.77,298.49,Chandigarh,Chandigarh,North,0.1,0.975,1.8170454545454544,328.33900000000006,596.6068875000001
31,699,1.8590909090909091,Pepsi Biscuits 100ml x1 (Regular),13,242.87,306.15,Gwalior,Madhya Pradesh,Central,0.1,0.975,1.8126136363636363,336.765,610.4248312499999
42,256,1.8590909090909091,Catch Soft Drinks 100ml x2 (Premium),26,83.42,100.87,Bhubaneswar,Odisha,East,0.1,0.975,1.8126136363636363,110.95700000000001,201.12217125
45,981,1.8545454545454545,Kissan Dishwash 1000g x2 (Economy),40,169.83,188.45,Ludhiana,Punjab,North,0.1,0.975,1.8081818181818181,207.29500000000002,374.82705000000004
18,1003,1.8545454545454545,Pepsi Bakery 500g x2 (Regular),3,341.39,395.62,Panaji,Goa,West,0.1,0.975,1.8081818181818181,435.182,786.88818
43,1285,1.8545454545454545,Lifebuoy Batteries 2000g x10 (Premium),67,1624.97,1899.1,Indore,Madhya Pradesh,Central,0.1,0.975,1.8081818181818181,2089.01,3777.3099
32,475,1.85,Kellogg's Fresh Produce 100g x1 (Economy),1,111.51,128.39,Indore,Madhya Pradesh,Central,0.1,0.975,1.80375,141.22899999999998,254.74180874999996
10,1321,1.8409090909090908,Colgate Chocolates 200ml x10 (Regular),14,217.88,261.59,Raipur,Chhattisgarh,Central,0.1,0.975,1.7948863636363634,287.749,516.47675625
22,1346,1.8409090909090908,Haldiram Home Care 2000g x5 (Regular),38,571.01,640.68,Siliguri,West Bengal,East,0.1,0.975,1.7948863636363634,704.748,1264.942575
14,316,1.8363636363636364,Fortune Health 250ml x1 (Economy),36,156.18,179.05,Tirupati,Andhra Pradesh,South,0.1,0.975,1.7904545454545455,196.95500000000004,352.6389750000001
31,678,1.8363636363636364,Nestlé Pet Care 200ml x1 (Economy),46,399.98,492.63,Gwalior,Madhya Pradesh,Central,0.1,0.975,1.7904545454545455,541.893,970.2347850000001
29,1362,1.8272727272727274,Appy Bedding 500g x1 (Economy),53,169.5,197.54,Vijayawada,Andhra Pradesh,South,0.1,0.975,1.7815909090909092,217.294,387.12901500000004
46,1412,1.8227272727272728,Lifebuoy Bedding 200ml x3 (Regular),53,178.53,200.28,Kolkata,West Bengal,East,0.1,0.975,1.7771590909090909,220.30800000000002,391.52236500000004
25,477,1.8227272727272728,Nestlé Personal Care 50ml x4 (Regular),28,209.76,251.31,Bhubaneswar,Odisha,East,0.1,0.975,1.7771590909090909,276.44100000000003,491.27963625000007
33,60,1.8181818181818181,Surf Excel Chocolates 2000ml x3 (Economy),14,269.38,324.82,Ludhiana,Punjab,North,0.1,0.975,1.7727272727272727,357.302,633.399
2,396,1.8181818181818181,Ariel Bath 100ml x5 (Economy),32,232.28,254.73,Gurugram,Haryana,North,0.1,0.975,1.7727272727272727,280.20300000000003,496.72350000000006
30,1437,1.8136363636363637,Haldiram Meat 50g x1 (Economy),17,90.17,114.91,Ranchi,Jharkhand,East,0.1,0.975,1.7682954545454546,126.40100000000001,223.51431375
18,950,1.8136363636363637,Kellogg's Baking Supplies 100g x3 (Economy),25,116.03,131.32,Panaji,Goa,West,0.1,0.975,1.7682954545454546,144.452,255.433815
29,905,1.809090909090909,Aashirvaad Electronics Accessories 2000ml x1 (Economy),65,680.46,868.39,Vijayawada,Andhra Pradesh,South,0.1,0.975,1.7638636363636364,955.229,1684.8936975000001
24,1171,1.8045454545454545,Sunfeast Electricals 2000g x2 (Economy),47,240.01,278.44,Ludhiana,Punjab,North,0.1,0.975,1.759431818181818,306.28400000000005,538.8858150000001
46,838,1.8045454545454545,Surf Excel Meat 500ml x2 (Regular),17,151.47,168.42,Kolkata,West Bengal,East,0.1,0.975,1.759431818181818,185.262,325.9558575
40,864,1.8,Maggi Stationery 250g x3 (Economy),44,661.62,762.23,Mumbai,Maharashtra,West,0.1,0.975,1.755,838.4530000000001,1471.485015
14,564,1.8,Colgate Baby Care 100g x1 (Regular),35,224.68,269.4,Tirupati,Andhra Pradesh,South,0.1,0.975,1.755,296.34,520.0767
46,77,1.8,Britannia Hardware 1000ml x1 (Economy),70,675.08,827.39,Kolkata,West Bengal,East,0.1,0.975,1.755,910.129,1597.2763949999999
11,1002,1.7954545454545454,ITC Bedding 50g x1 (Regular),53,100.47,124.62,Coimbatore,Tamil Nadu,South,0.1,0.975,1.7505681818181817,137.08200000000002,239.97138750000002
38,1237,1.790909090909091,Harpic Pet Care 200ml x3 (Premium),46,598.4,751.94,Chandigarh,Chandigarh,North,0.1,0.975,1.7461363636363636,827.1340000000001,1444.2887550000003
39,315,1.790909090909091,Nestlé Pet Care 250ml x1 (Premium),46,533.38,603.1,Visakhapatnam,Andhra Pradesh,South,0.1,0.975,1.7461363636363636,663.4100000000001,1158.4043250000002
29,528,1.7863636363636364,Nestlé Books 750g x4 (Regular),72,893.7,1129.32,Vijayawada,Andhra Pradesh,South,0.1,0.975,1.7417045454545454,1242.252,2163.6359549999997
37,48,1.7863636363636364,Lizol Soft Drinks 1000g x24 (Regular),26,164.72,179.41,Nashik,Maharashtra,West,0.1,0.975,1.7417045454545454,197.351,343.72713375
33,1362,1.7818181818181817,Appy Bedding 500g x1 (Economy),53,169.5,197.54,Ludhiana,Punjab,North,0.1,0.975,1.737272727272727,217.294,377.49894
42,1043,1.7727272727272727,Kellogg's Staples 1000g x12 (Regular),4,502.19,586.07,Bhubaneswar,Odisha,East,0.1,0.975,1.7284090909090908,644.6770000000001,1114.2655875000003
7,826,1.768181818181818,Harpic Stationery 100g x3 (Premium),44,781.35,862.68,Udaipur,Rajasthan,North,0.1,0.975,1.7239772727272726,948.948,1635.964785
25,263,1.759090909090909,Britannia Bath Linen 100ml x2 (Economy),54,526.47,581.41,Bhubaneswar,Odisha,East,0.1,0.975,1.7151136363636363,639.551,1096.90264125
44,257,1.75,Coca-Cola Ready-to-Eat 100g x1 (Regular),11,52.34,60.29,Indore,Madhya Pradesh,Central,0.1,0.975,1.70625,66.319,113.15679375
15,1128,1.75,ITC Edible Oils 750g x6 (Economy),6,427.56,499.91,Ranchi,Jharkhand,East,0.1,0.975,1.70625,549.9010000000001,938.2685812500001
40,275,1.75,Lizol Hair Care 1000ml x3 (Economy),30,488.32,595.95,Mumbai,Maharashtra,West,0.1,0.975,1.70625,655.5450000000001,1118.5236562500002
9,225,1.7454545454545454,Dove Sanitary 250ml x4 (Regular),80,1215.31,1366.52,Thiruvananthapuram,Kerala,South,0.1,0.975,1.7018181818181817,1503.172,2558.12544
28,359,1.740909090909091,Nivea Pickles 250ml x10 (Economy),23,330.64,360.68,Meerut,Uttar Pradesh,North,0.1,0.975,1.6973863636363637,396.74800000000005,673.4346450000002
15,1272,1.7363636363636363,Saffola OTC Medicines 200ml x1 (Economy),37,602.72,748.52,Ranchi,Jharkhand,East,0.1,0.975,1.6929545454545454,823.3720000000001,1393.93137
32,1485,1.7272727272727273,Coca-Cola Kitchen Essentials 50ml x2 (Economy),42,41.26,47.51,Indore,Madhya Pradesh,Central,0.1,0.975,1.684090909090909,52.261,88.012275
31,245,1.7181818181818183,Dabur Disposable 250ml x1 (Regular),43,424.21,505.74,Gwalior,Madhya Pradesh,Central,0.1,0.975,1.6752272727272728,556.3140000000001,931.9523850000002
15,948,1.7181818181818183,Sunfeast Skin Care 750g x1 (Premium),31,235.71,282.94,Ranchi,Jharkhand,East,0.1,0.975,1.6752272727272728,311.23400000000004,521.387685
18,1318,1.7045454545454546,Pepsi Storage 50g x1 (Premium),51,51.57,61.46,Panaji,Goa,West,0.1,0.975,1.6619318181818181,67.60600000000001,112.35656250000001
39,367,1.690909090909091,Britannia Laundry Detergent 1000g x1 (Regular),39,381.41,450.19,Visakhapatnam,Andhra Pradesh,South,0.1,0.975,1.6486363636363637,495.20900000000006,816.4195650000001
20,728,1.690909090909091,Monster Home Furnishing 500g x2 (Regular),52,708.16,800.41,Hyderabad,Telangana,South,0.1,0.975,1.6486363636363637,880.451,1451.543535
30,1127,1.690909090909091,Pepsi Apparel 750g x1 (Economy),60,556.05,678.69,Ranchi,Jharkhand,East,0.1,0.975,1.6486363636363637,746.5590000000001,1230.804315
25,1261,1.6863636363636363,Dabur Bath 1000g x3 (Economy),32,348.71,381.19,Bhubaneswar,Odisha,East,0.1,0.975,1.6442045454545453,419.309,689.42976375
36,406,1.6863636363636363,MDH Pulses 200g x1 (Premium),5,267.48,314.44,Lucknow,Uttar Pradesh,North,0.1,0.975,1.6442045454545453,345.884,568.704045
31,13,1.6772727272727272,ITC Men's Grooming 750ml x5 (Economy),33,503.5,550.05,Gwalior,Madhya Pradesh,Central,0.1,0.975,1.635340909090909,605.055,989.4711937499999
29,240,1.6681818181818182,Dabur Skin Care 200ml x1 (Economy),31,122.59,147.27,Vijayawada,Andhra Pradesh,South,0.1,0.975,1.6264772727272727,161.997,263.48443875000004
33,592,1.6636363636363636,Fortune Meat 50ml x2 (Economy),17,114.31,136.74,Ludhiana,Punjab,North,0.1,0.975,1.6220454545454543,150.41400000000002,243.978345
38,155,1.6590909090909092,Dove Category 91 250g x6 (Economy),91,2789.52,3314.59,Chandigarh,Chandigarh,North,0.1,0.975,1.6176136363636364,3646.0490000000004,5897.8985812500005
30,461,1.6590909090909092,Dabur Baby Food 2000g x10 (Regular),19,133.25,144.91,Ranchi,Jharkhand,East,0.1,0.975,1.6176136363636364,159.401,257.84923125
20,274,1.6545454545454545,Fortune Category 91 1000ml x12 (Economy),91,3767.27,4697.77,Hyderabad,Telangana,South,0.1,0.975,1.613181818181818,5167.5470000000005,8336.192865
27,1452,1.6545454545454545,Aashirvaad Staples 750g x5 (Economy),4,329.74,422.0,Vijayawada,Andhra Pradesh,South,0.1,0.975,1.613181818181818,464.20000000000005,748.839
41,339,1.6545454545454545,Surf Excel Category 93 500g x24 (Economy),93,1487.27,1713.28,Ranchi,Jharkhand,East,0.1,0.975,1.613181818181818,1884.6080000000002,3040.21536
25,993,1.65,Lifebuoy Toys 200ml x1 (Regular),45,369.43,467.57,Bhubaneswar,Odisha,East,0.1,0.975,1.60875,514.327,827.4235612499999
4,627,1.6454545454545455,Ariel Packaged Foods 2000ml x10 (Premium),10,101.34,117.02,Amritsar,Punjab,North,0.1,0.975,1.6043181818181818,128.722,206.511045
16,1311,1.6454545454545455,DMart Chocolates 100g x3 (Regular),14,172.72,210.21,Mumbai,Maharashtra,West,0.1,0.975,1.6043181818181818,231.23100000000002,370.9680975
8,1335,1.6454545454545455,Harpic Breakfast Cereals 1000g x6 (Regular),20,172.84,213.58,Raipur,Chhattisgarh,Central,0.1,0.975,1.6043181818181818,234.93800000000005,376.91530500000005
10,1347,1.6272727272727272,DMart Cleaning Tools 200ml x12 (Premium),55,273.68,312.65,Raipur,Chhattisgarh,Central,0.1,0.975,1.586590909090909,343.915,545.6524125
29,162,1.6272727272727272,Haldiram Edible Oils 50g x2 (Economy),6,249.04,309.02,Vijayawada,Andhra Pradesh,South,0.1,0.975,1.586590909090909,339.922,539.317155
48,511,1.6272727272727272,Nestlé Skin Care 750g x1 (Regular),31,211.65,252.06,Vadodara,Gujarat,West,0.1,0.975,1.586590909090909,277.266,439.907715
45,738,1.6136363636363635,Everest Edible Oils 2000g x5 (Regular),6,622.01,787.36,Ludhiana,Punjab,North,0.1,0.975,1.5732954545454545,866.0960000000001,1362.6249000000003
36,483,1.6136363636363635,Fortune Breakfast Cereals 250ml x1 (Regular),20,77.25,96.5,Lucknow,Uttar Pradesh,North,0.1,0.975,1.5732954545454545,106.15,167.0053125
4,908,1.6090909090909091,Kellogg's Edible Oils 200ml x1 (Regular),6,309.59,351.74,Amritsar,Punjab,North,0.1,0.975,1.5688636363636363,386.91400000000004,607.015305
12,1282,1.6090909090909091,Harpic Health 200g x1 (Economy),36,151.36,167.53,Faridabad,Haryana,North,0.1,0.975,1.5688636363636363,184.28300000000002,289.11489750000004
3,462,1.6090909090909091,Appy Ice Cream 50g x1 (Economy),15,195.05,222.36,Chandigarh,Chandigarh,North,0.1,0.975,1.5688636363636363,244.59600000000003,383.73777000000007
41,235,1.6,Pepsi Breakfast Cereals 750g x1 (Regular),20,102.38,121.56,Ranchi,Jharkhand,East,0.1,0.975,1.56,133.716,208.59696000000002
42,899,1.5954545454545455,Paper Boat Air Fresheners 200ml x4 (Regular),41,668.4,806.49,Bhubaneswar,Odisha,East,0.1,0.975,1.5555681818181817,887.1390000000001,1380.00520125
32,1076,1.5954545454545455,Ariel Breakfast Cereals 500ml x5 (Regular),20,139.9,161.97,Indore,Madhya Pradesh,Central,0.1,0.975,1.5555681818181817,178.167,277.15091624999997
11,642,1.5909090909090908,ITC Pulses 250ml x2 (Regular),5,202.19,243.38,Coimbatore,Tamil Nadu,South,0.1,0.975,1.5511363636363635,267.718,415.267125
43,1122,1.5863636363636364,"Pepsi Tea, Coffee 100ml x5 (Regular)",9,91.83,103.34,Indore,Madhya Pradesh,Central,0.1,0.975,1.5467045454545454,113.674,175.82009250000002
23,1236,1.5818181818181818,Pepsi Water 250g x24 (Premium),27,443.23,546.81,Meerut,Uttar Pradesh,North,0.1,0.975,1.5422727272727272,601.491,927.6631649999999
30,704,1.5818181818181818,Bikaji Air Fresheners 250ml x3 (Regular),41,686.09,817.11,Ranchi,Jharkhand,East,0.1,0.975,1.5422727272727272,898.8210000000001,1386.2271150000001
26,1351,1.5727272727272728,"Amul Sugar, Jaggery 500g x2 (Regular)",8,339.81,431.85,Vijayawada,Andhra Pradesh,South,0.1,0.975,1.533409090909091,475.0350000000001,728.4229875000001
43,296,1.5681818181818181,Lifebuoy Shaving 1000ml x1 (Economy),79,1838.83,2241.56,Indore,Madhya Pradesh,Central,0.1,0.975,1.5289772727272726,2465.7160000000003,3770.023725
8,1466,1.5681818181818181,Lifebuoy Skin Care 500g x12 (Economy),31,294.54,338.06,Raipur,Chhattisgarh,Central,0.1,0.975,1.5289772727272726,371.86600000000004,568.5746625
33,1056,1.5681818181818181,"Colgate Sugar, Jaggery 100g x1 (Regular)",8,256.43,295.23,Ludhiana,Punjab,North,0.1,0.975,1.5289772727272726,324.75300000000004,496.53995625
29,382,1.5681818181818181,Fortune Staples 500g x2 (Regular),4,257.94,327.24,Vijayawada,Andhra Pradesh,South,0.1,0.975,1.5289772727272726,359.96400000000006,550.3767750000001
35,28,1.559090909090909,Ariel Gifting Combos 2000ml x5 (Economy),63,265.73,306.06,Patna,Bihar,East,0.1,0.975,1.5201136363636363,336.66600000000005,511.77057750000006
3,822,1.5545454545454545,Tata Books 200ml x1 (Economy),72,574.2,661.6,Chandigarh,Chandigarh,North,0.1,0.975,1.5156818181818181,727.7600000000001,1103.0526000000002
4,1376,1.5545454545454545,Pepsi Protein 200g x5 (Economy),76,185.8,217.61,Amritsar,Punjab,North,0.1,0.975,1.5156818181818181,239.37100000000004,362.81027250000005
24,1031,1.55,Patanjali Baby Food 500ml x24 (Regular),19,70.5,90.35,Ludhiana,Punjab,North,0.1,0.975,1.51125,99.385,150.19558125
37,211,1.5454545454545454,Dabur Storage 500ml x2 (Regular),51,60.94,72.33,Nashik,Maharashtra,West,0.1,0.975,1.5068181818181818,79.563,119.886975
27,301,1.5363636363636364,"Britannia Tea, Coffee 750g x2 (Regular)",9,94.15,117.77,Vijayawada,Andhra Pradesh,South,0.1,0.975,1.4979545454545455,129.547,194.0555175
50,899,1.5272727272727273,Paper Boat Air Fresheners 200ml x4 (Regular),41,668.4,806.49,Meerut,Uttar Pradesh,North,0.1,0.975,1.489090909090909,887.1390000000001,1321.0306200000002
36,1282,1.5272727272727273,Harpic Health 200g x1 (Economy),36,151.36,167.53,Lucknow,Uttar Pradesh,North,0.1,0.975,1.489090909090909,184.28300000000002,274.41414000000003
39,528,1.518181818181818,Nestlé Books 750g x4 (Regular),72,893.7,1129.32,Visakhapatnam,Andhra Pradesh,South,0.1,0.975,1.4802272727272725,1242.252,1838.8152899999995
29,121,1.5136363636363637,Catch Pickles 250g x3 (Economy),23,266.78,292.18,Vijayawada,Andhra Pradesh,South,0.1,0.975,1.4757954545454546,321.398,474.31770750000004
35,1336,1.490909090909091,Lifebuoy Baby Food 1000g x1 (Economy),19,56.47,69.8,Patna,Bihar,East,0.1,0.975,1.4536363636363636,76.78,111.6102
23,1429,1.4772727272727273,Everest Meat 100g x4 (Economy),17,129.34,155.5,Meerut,Uttar Pradesh,North,0.1,0.975,1.4403409090909092,171.05,246.37031250000004
30,1358,1.4681818181818183,Tropicana Dry Fruits 250ml x1 (Regular),24,176.87,214.24,Ranchi,Jharkhand,East,0.1,0.975,1.4314772727272729,235.66400000000002,337.3476600000001
3,998,1.4681818181818183,Bikaji Shaving 100g x1 (Premium),79,1319.11,1671.63,Chandigarh,Chandigarh,North,0.1,0.975,1.4314772727272729,1838.7930000000003,2632.1903887500007
35,556,1.459090909090909,Dettol Kitchen Appliances 100ml x24 (Regular),49,379.23,435.64,Patna,Bihar,East,0.1,0.975,1.4226136363636361,479.204,681.722145
45,1477,1.4545454545454546,Harpic Water 200ml x1 (Premium),27,263.86,309.47,Ludhiana,Punjab,North,0.1,0.975,1.4181818181818182,340.41700000000003,482.77320000000003
38,234,1.45,Everest Kitchen Essentials 100g x1 (Economy),42,42.57,47.71,Chandigarh,Chandigarh,North,0.1,0.975,1.4137499999999998,52.481,74.19501374999999
4,510,1.440909090909091,Kissan Apparel 2000ml x2 (Regular),60,824.0,1007.26,Amritsar,Punjab,North,0.1,0.975,1.4048863636363635,1107.986,1556.5944225
9,1298,1.4272727272727272,Coca-Cola Health 2000g x1 (Economy),36,200.5,242.9,Thiruvananthapuram,Kerala,South,0.1,0.975,1.391590909090909,267.19000000000005,371.8191750000001
30,1346,1.4136363636363636,Haldiram Home Care 2000g x5 (Regular),38,571.01,640.68,Ranchi,Jharkhand,East,0.1,0.975,1.3782954545454544,704.748,971.350965
15,1387,1.4045454545454545,"Nestlé Sugar, Jaggery 500ml x1 (Premium)",8,420.28,516.59,Ranchi,Jharkhand,East,0.1,0.975,1.3694318181818181,568.2490000000001,778.1782612500002
30,203,1.4,Maggi School Essentials 250g x10 (Economy),64,91.24,107.82,Ranchi,Jharkhand,East,0.1,0.975,1.365,118.602,161.89173
32,1013,1.3818181818181818,Lizol Value Packs 750g x1 (Economy),89,2490.59,2967.51,Indore,Madhya Pradesh,Central,0.1,0.975,1.3472727272727272,3264.2610000000004,4397.84982
17,703,1.3818181818181818,Haldiram Snacks 50ml x4 (Economy),12,38.85,48.28,Tirupati,Andhra Pradesh,South,0.1,0.975,1.3472727272727272,53.108000000000004,71.55096
29,31,1.3636363636363635,Amul Health 750ml x2 (Regular),36,238.41,266.82,Vijayawada,Andhra Pradesh,South,0.1,0.975,1.3295454545454544,293.502,390.22425
23,1300,1.3636363636363635,"Kellogg's Sugar, Jaggery 200ml x1 (Economy)",8,201.39,252.62,Meerut,Uttar Pradesh,North,0.1,0.975,1.3295454545454544,277.882,369.45674999999994
21,285,1.3590909090909091,ITC Ready-to-Eat 1000g x1 (Economy),11,84.33,99.2,Bengaluru,Karnataka,South,0.1,0.975,1.3251136363636364,109.12000000000002,144.59640000000005
12,1367,1.3590909090909091,Saffola Storage 250ml x4 (Regular),51,60.27,72.14,Faridabad,Haryana,North,0.1,0.975,1.3251136363636364,79.35400000000001,105.15306750000002
50,1072,1.35,Bikaji Fresh Produce 250ml x6 (Regular),1,190.08,243.26,Meerut,Uttar Pradesh,North,0.1,0.975,1.3162500000000001,267.586,352.2100725000001
44,859,1.3454545454545455,Himalaya Air Fresheners 50ml x5 (Economy),41,707.0,853.08,Indore,Madhya Pradesh,Central,0.1,0.975,1.3118181818181818,938.3880000000001,1230.9944400000002
4,1316,1.2772727272727273,Tata Dairy 100g x24 (Regular),2,177.29,206.73,Amritsar,Punjab,North,0.1,0.975,1.245340909090909,227.40300000000002,283.19425875
